{
  "phi_spot": 0.0004,
  "phi_perp": 0.0004,
  "alpha_spot": 0.001,
  "alpha_perp": 0.0008,
  "beta": 1.3,
  "c_reb": 0.7424250547363679,
  "c_fixed": 2.0,
  "rate_curve": {
    "r0": 0.0,
    "r1": 0.071875,
    "r2": 0.75,
    "U_kink": 0.8
  }
}