{
  "phi_spot": 0.0005,
  "phi_perp": 0.00045,
  "spot_impact_a": 0.00463667,
  "spot_impact_b": 0.6778,
  "alpha_perp": 0.0008,
  "beta": 1.3,
  "c_reb": 0.727222402660563,
  "c_fixed": 2.0,
  "rate_curve": {
    "r0": 0.0,
    "r1": 0.071875,
    "r2": 0.75,
    "U_kink": 0.8
  }
}
