policy,r_target,Q_max,asset
B1_Industry,5.0,361322275.67962474,BTC
B1_Industry,10.0,260489051.0826428,BTC
B2_Conservative,5.0,501187233.6272715,BTC
B2_Conservative,10.0,0.0,BTC
B3_Aggressive,5.0,361322275.67962474,BTC
B3_Aggressive,10.0,260489051.0826428,BTC
ALG_Adaptive,5.0,501187233.6272715,BTC
ALG_Adaptive,10.0,501187233.6272715,BTC
ALGS_Smoothed,5.0,501187233.6272715,BTC
ALGS_Smoothed,10.0,501187233.6272715,BTC
