policy,r_target,Q_max,asset
B1_Industry,5.0,97605363.73078991,BTC
B1_Industry,10.0,36572773.36388823,BTC
B2_Conservative,5.0,260489051.0826428,BTC
B2_Conservative,10.0,0.0,BTC
B3_Aggressive,5.0,70366900.38273056,BTC
B3_Aggressive,10.0,26366508.987303555,BTC
ALG_Adaptive,5.0,501187233.6272715,BTC
ALG_Adaptive,10.0,260489051.0826428,BTC
ALGS_Smoothed,5.0,501187233.6272715,BTC
ALGS_Smoothed,10.0,260489051.0826428,BTC
