policy,r_target,Q_max
B1_Industry,5.0,26366508.987303555
B1_Industry,10.0,3701869.055846206
B2_Conservative,5.0,70366900.38273056
B2_Conservative,10.0,0.0
B3_Aggressive,5.0,13703834.50663168
B3_Aggressive,10.0,2668798.5283381585
ALG_Adaptive,5.0,260489051.0826428
ALG_Adaptive,10.0,135387618.00225446
ALGS_Smoothed,5.0,187795080.18514913
ALGS_Smoothed,10.0,135387618.00225446
