policy,Q,mean_carry,std_carry,sharpe,cvar_95,max_drawdown,asset
B1_Industry,10000000,14.415033560756603,25.01450411832882,0.5762670126326553,14.856992209555308,1103.7344034602575,BTC
B2_Conservative,10000000,9.904645182740323,15.014973484307257,0.6596511937295167,7.581431988718643,561.0301638887468,BTC
B3_Aggressive,10000000,16.589610538342047,31.29647551107294,0.5300791947793774,20.380896905621313,2260.2295402304153,BTC
ALG_Adaptive,10000000,34.356230688915346,60.353561640526614,0.5692494320972368,5.8572152252949,433.1267652892857,BTC
ALGS_Smoothed,10000000,34.0903955937674,60.472500309095345,0.5637338529004075,5.8572152252949,433.1267652892857,BTC
