policy,Q,mean_carry,std_carry,sharpe,cvar_95,max_drawdown,asset
B1_Industry,10000000,12.945281077412016,25.10021539007779,0.5157438243549629,17.160188064941792,2563.954452854785,BTC
B2_Conservative,10000000,9.486123691511219,15.028833694076221,0.6311949339921353,8.17000141524077,613.1938462324615,BTC
B3_Aggressive,10000000,13.869279447695618,31.53935532546816,0.4397451788272957,25.495636198263337,6659.463429644151,BTC
ALG_Adaptive,10000000,29.726777195840654,59.68799733734808,0.49803609640023827,6.206960207936244,464.8511466071941,BTC
ALGS_Smoothed,10000000,28.974528773455912,59.981492346773045,0.48305781733379494,6.206960207936244,464.8511466071941,BTC
