policy,Q,mean_carry,std_carry,sharpe,cvar_95,max_drawdown,asset
B1_Industry,10000000,14.40729199754281,25.01471094788707,0.5759527674558141,14.867924462134564,1104.6082799881406,BTC
B1_Industry,50000000,13.97855666784379,25.005468798027355,0.5590199800191924,15.4349196304457,1117.339252154139,BTC
B1_Industry,100000000,13.256164189322208,25.02728855634181,0.5296684121206231,16.80267711981778,1531.2570205487864,BTC
B1_Industry,200000000,11.476281172102452,25.27698235848529,0.4540210144289613,23.00859555761358,4273.368322485287,BTC
B2_Conservative,10000000,9.90306664593644,15.014979769331688,0.6595457868124202,7.5835099039571565,561.1925723314052,BTC
B2_Conservative,50000000,9.711398519815258,15.00684676552692,0.6471311842887517,7.816031442286501,567.0350936887116,BTC
B2_Conservative,100000000,9.391019576715701,15.00540802989966,0.6258423335109067,8.250646861042405,576.8599356193445,BTC
B2_Conservative,200000000,8.602051116816549,15.066354479977617,0.5709444264203538,10.404623016419007,1414.1049379421092,BTC
B3_Aggressive,10000000,16.57024809337979,31.29745868392241,0.5294438842694908,20.410669556077067,2283.1627966415545,BTC
B3_Aggressive,50000000,16.009522154230485,31.298777355774227,0.5115063113248713,21.24537227394748,2642.8988967488986,BTC
B3_Aggressive,100000000,15.042907183599716,31.355670310287525,0.47975077664546906,23.666339736894606,3282.111064533412,BTC
B3_Aggressive,200000000,12.657856278200564,31.775887810330104,0.3983478401533627,32.45819510910442,7115.183338312752,BTC
ALG_Adaptive,10000000,34.338334440552906,60.35177634956276,0.5689697390456624,5.858286601049377,433.20501287613297,BTC
ALG_Adaptive,50000000,31.600279757616452,59.78660127085692,0.5285511985278224,6.0308726320243835,437.81135812745197,BTC
ALG_Adaptive,100000000,28.620372960891316,58.741048836927924,0.48722951883860377,6.294562859515919,445.5197040109779,BTC
ALG_Adaptive,200000000,24.38150028708919,56.25533367415027,0.4334077978865969,7.049675054519383,558.1925145023561,BTC
