policy,Q,mean_carry,std_carry,sharpe,cvar_95,max_drawdown,asset
B1_Industry,10000000,8.885912128202161,23.294220678991785,0.38146423744564434,32.8893575577056,14257.58914152658,ETH
B2_Conservative,10000000,8.141488084148868,13.594475811646737,0.5988820898245923,15.22704832300235,3324.4747181294224,ETH
B3_Aggressive,10000000,6.850037279486786,30.298734235602815,0.22608328210086034,50.685598590529935,29581.15097396716,ETH
ALG_Adaptive,10000000,23.547138697403973,48.140104999335556,0.4891376680156592,11.58138795862811,1591.8602967155748,ETH
ALGS_Smoothed,10000000,22.46393654996773,48.429503592558575,0.4638481686485719,11.58138795862811,1648.9975662847282,ETH
